--
-- PostgreSQL database dump
--

-- Dumped from database version 11.3 (Ubuntu 11.3-1.pgdg18.04+1)
-- Dumped by pg_dump version 11.3 (Ubuntu 11.3-1.pgdg18.04+1)

SET statement_timeout = 0;
SET lock_timeout = 0;
SET idle_in_transaction_session_timeout = 0;
SET client_encoding = 'UTF8';
SET standard_conforming_strings = on;
SELECT pg_catalog.set_config('search_path', '', false);
SET check_function_bodies = false;
SET xmloption = content;
SET client_min_messages = warning;
SET row_security = off;

SET default_tablespace = '';

SET default_with_oids = false;

--
-- Name: comments; Type: TABLE; Schema: public; Owner: twitterdb
--

CREATE TABLE public.comments (
    username character varying(255) NOT NULL,
    id integer NOT NULL,
    content character varying(255) NOT NULL,
    parent integer NOT NULL,
    post integer
);


ALTER TABLE public.comments OWNER TO twitterdb;

--
-- Name: comments_id_seq; Type: SEQUENCE; Schema: public; Owner: twitterdb
--

CREATE SEQUENCE public.comments_id_seq
    AS integer
    START WITH 1
    INCREMENT BY 1
    NO MINVALUE
    NO MAXVALUE
    CACHE 1;


ALTER TABLE public.comments_id_seq OWNER TO twitterdb;

--
-- Name: comments_id_seq; Type: SEQUENCE OWNED BY; Schema: public; Owner: twitterdb
--

ALTER SEQUENCE public.comments_id_seq OWNED BY public.comments.id;


--
-- Name: followers; Type: TABLE; Schema: public; Owner: twitterdb
--

CREATE TABLE public.followers (
    follower character varying(255) NOT NULL,
    followee character varying(255) NOT NULL
);


ALTER TABLE public.followers OWNER TO twitterdb;

--
-- Name: imgs; Type: TABLE; Schema: public; Owner: twitterdb
--

CREATE TABLE public.imgs (
    username character varying(255) NOT NULL,
    img text
);


ALTER TABLE public.imgs OWNER TO twitterdb;

--
-- Name: posts; Type: TABLE; Schema: public; Owner: twitterdb
--

CREATE TABLE public.posts (
    username character varying(255) NOT NULL,
    content character varying(255) NOT NULL,
    id integer NOT NULL,
    "timestamp" character varying(255) NOT NULL,
    retweet integer
);


ALTER TABLE public.posts OWNER TO twitterdb;

--
-- Name: posts_id_seq; Type: SEQUENCE; Schema: public; Owner: twitterdb
--

CREATE SEQUENCE public.posts_id_seq
    AS integer
    START WITH 1
    INCREMENT BY 1
    NO MINVALUE
    NO MAXVALUE
    CACHE 1;


ALTER TABLE public.posts_id_seq OWNER TO twitterdb;

--
-- Name: posts_id_seq; Type: SEQUENCE OWNED BY; Schema: public; Owner: twitterdb
--

ALTER SEQUENCE public.posts_id_seq OWNED BY public.posts.id;


--
-- Name: shares; Type: TABLE; Schema: public; Owner: twitterdb
--

CREATE TABLE public.shares (
    username character varying,
    post_id integer NOT NULL,
    "timestamp" character varying
);


ALTER TABLE public.shares OWNER TO twitterdb;

--
-- Name: users; Type: TABLE; Schema: public; Owner: twitterdb
--

CREATE TABLE public.users (
    username character varying(255) NOT NULL,
    password character varying(255) NOT NULL
);


ALTER TABLE public.users OWNER TO twitterdb;

--
-- Name: comments id; Type: DEFAULT; Schema: public; Owner: twitterdb
--

ALTER TABLE ONLY public.comments ALTER COLUMN id SET DEFAULT nextval('public.comments_id_seq'::regclass);


--
-- Name: posts id; Type: DEFAULT; Schema: public; Owner: twitterdb
--

ALTER TABLE ONLY public.posts ALTER COLUMN id SET DEFAULT nextval('public.posts_id_seq'::regclass);


--
-- Data for Name: comments; Type: TABLE DATA; Schema: public; Owner: twitterdb
--

COPY public.comments (username, id, content, parent, post) FROM stdin;
user1	76	juanito	-1	122
user2	77	jaja, si	-1	122
user2	78	@juanito	-1	122
user2	79	@user2	-1	122
user1	80	asdf asdf	-1	165
user1	81	lalala	-1	193
user1	82	lalala	-1	193
user1	83	juajuajaui	-1	193
user1	84	asdfsadfsdafaf	-1	193
user1	85	minä olen Christian!	-1	193
user1	86	pepito	-1	216
user1	87	jajaja	-1	194
undefined	88	asdfsadfadf	-1	199
undefined	89	jaja pepito!	-1	200
user1	90	lalala	-1	221
user1	91	dfg	-1	193
user1	92	zsdasdfsadf	-1	193
user1	93	zaffaroni	-1	193
user1	94	lannister	-1	193
user1	95	lannister pero no!	-1	193
user1	96	targaryen	-1	193
user1	97	my latest trick!	-1	193
user1	98	niuin comment	-1	193
user1	99	myunanaa	-1	193
user1	100	myunanaalkujil	-1	193
user1	101	muia sasita	-1	194
user1	102	adfasdf	-1	193
user1	103	jajaja	-1	194
user1	104	jijii	-1	201
user1	105	new comment!	-1	193
user1	106	lkjhkjh	-1	216
user1	107	lkjhkjhmhkjhohoiuy oi uo 	-1	216
user1	108	my comment	-1	243
user1	109	my new comment	-1	243
user1	110	asdfsadf sadff sd 	-1	244
user1	111	asdfsadf sadff sd sdfdsasdf asd fasdf s	-1	244
user1	112	sdfsdfsdf asd fasd fasd asdf asd fsdfsaasdsasdf	-1	244
user1	113	asdfa sdfasdfsadf	-1	244
user1	114	asdfasdfasdfasdfasdfasdf	-1	244
user1	115	asdfasdfasdfasdfsadfasdfsadf	-1	244
user1	116	best comment ever!	-1	244
user1	117	asdf sadf sadf sadf asdf	-1	242
user1	118	adasdsfd sd asdf sdf 	-1	242
user1	119	adasdsfd sd asdf sdf 	-1	242
user1	120	asdf sadf sad sad sadsd sdf asd fsa fasdf 	-1	242
user1	121	new comment	-1	242
user1	122	my new comment	-1	242
user1	123	asdf asdf asdf sadf as	-1	242
user1	124	asdf sadfsadfasldkfhasldkfjhasldkfjhasldkfjhasdlkfjhsa dlfkj sha	-1	242
user1	125	sdfsdflkjslkjhoola amituivvo aonosdkn anbdasn asdklj n dnmsn 	-1	242
user1	126	asdñflkjhlkjhasldkjh lkjh khola amihguito como andas, todo buen!!!!	-1	242
user1	127	asdfas dfsadf asdf asdflkjhlkjhlkjhwlkjhqlkjhlwkjhlkejhkjhwkjhkjqhkjhwkjhkjeh	-1	242
user1	128	asdfasdf	-1	234
user1	129	@user3	-1	234
user1	130	kjlkj lkj lkj 	-1	244
user1	131	asdfg	-1	249
\.


--
-- Data for Name: followers; Type: TABLE DATA; Schema: public; Owner: twitterdb
--

COPY public.followers (follower, followee) FROM stdin;
user3	user2
user2	user3
user3	user1
user1	user3
\.


--
-- Data for Name: imgs; Type: TABLE DATA; Schema: public; Owner: twitterdb
--

COPY public.imgs (username, img) FROM stdin;
user2	data:image/png;base64,iVBORw0KGgoAAAANSUhEUgAAAGQAAABkCAYAAABw4pVUAAAAAXNSR0IArs4c6QAAAARnQU1BAACxjwv8YQUAAAAJcEhZcwAADsMAAA7DAcdvqGQAAAnhSURBVHhe7Z17bBzFHccNfalqVVV9qI8/Sn323fmBHyQhuNi+3bXjxLndSwz4kCCoRCTNw/ewHZKQ0sQmzgO7BNyCkgr6CIgUiAMqrVDVCJGY0qoqEKlqiQo0SpMUSBtVLaEPQkoy/f3Oc8a+/M63Ozt7d7bnK33kJLf7m5nvd2dn53yxS5SUlJSUlJSUlJSUlJRo9UejH+2KGNVJ0wgnTGNt3DS2w9fdcUt/MG7q+xOWPjIVSVO/lZdSElGso/WzMcu4Gcx8APgtGH8uYRlMFAjwv0kz5OfllewoGWn5Al79YOCzccv4X6apboFQXohGox/izSllExhVB0HsdTsL7KGv480qZSoR0RoSpv4cbZw3qFsXoZ5FzV+CW9LDYNDFTMPygmn8St26xnRZzNS74dZ0ljQqj0Af9sBs+UbcbInGw7qJT3CJ9vZP8X7OfHUv1T4NBjxNmVNc6CdgBj0JM7h3xt7aYou1eTDI47QBxQ3scY7igwA+hvPhTG/FLP0GGNi7mQOddpj6f+Dr0DpL+xwf2vRTImLc6MV+opDAbfef8Yi+AoZ32dgop4niEeMmuKrepwY1E4Bb2cFpcxub6WF8gH4itjhUw4ddnIJOanD1vEcPYEbyD9zg8uEXl+DR9quwZpwhOj3D0d8uupmCb4/DzHiR7vDMBy/ErrBxBbej8II14z6qo7OMl/DC5JYUTklLa4LZcYHo4KwjbunD3JbCqLez4eMwXV+nOjcbSV2YYeNabk/+BRulLVTHZjf67/r7+y/nFuVPSWvBV/hbCkSnZjf47WduU/4EDT+a2RHFGLCWHFs1d+5HuFXeqzscqpwdu3EXmMZabpf3gsVrP9mJacDgTU1sZO015GtSMY3jeVlLuiJa+XR8zB2Ihtjo+nnszR21KX5w27XkcTKJRVrauG3eCe6P91ONFyubb9DYwZ6r2Rs76sbDQE4M1LF+CIk6Rx76CLfNG+G3YmEq/otuvLjYdJ3Gfhafz/6yfXIQEznyzTmsO6KT58sA7iTvJdqbPs/tky9cqKiGi4n1S3V2YG0D+/O27EFM5Kkuj9cTs6WH2ydf8GR1hGy0COhdYrB9qxrYsa31pPHZwFvZrpubyJoygFlykNsnV7Arr6MaLDTdEYP9cMXX2Kt9zoKYyGv99WxDh0bWdwusuee6otonuY3yBIV3Ug0WiiQEsfvWRvaHzVeRJjvl8O3zyHZkELe0Dm6jPBXTm4jDtzSxI3fOIY11A840qj23wN3l+9xGOeoOa/VUQ/kGN3W/uWMuaaYMUo/CnR48CpvGn7iVclTod3VTmzq4pVAmysarR2Gpn1KBQF6gGvGabJs6r/HiUThutSzmdrpT78KFn8n3G4l2NnVe4smjsGncxS11p3jYuJ5swAOcbuq8RPqjsKn/nFvqTlDsO5cUl4zops5rDq2T+ChsGqe4pe4Ej7svkw1IIL2pw6uRMqTQHN9aR/ZbFNcbRCzgxfohe1PnFbIDiVktc7i1YoqZmk4VdoNXmzovkB0Ifu6ZWysmfKeSKiyC15s6L5AdiOsnrYSlP0IWFgAHRw0aObW9lg3eWMGa6nzMX1bKmuvK2BD8/dS2GvJ4EUTa8CCQvdxaMcH68QpZWIBsgbwBRi03/Ky0tPQSVrQGyHOcItqG9EAs41lurXP1a9qHocD5jILCZAvkyTVVpFFp8HXqPCeItiE7kLipH+X2OldscWuAKipKtkB6w0HSpDS9YfezRLQN+TNEf5vb61yxiGbRRcXIFkjXogBpUhp8nTrPCaJtyA/EYLe3tX2CW+xMsCHcQBUUJVsg9y+rJE1Kg69T5zlBtA0vAukxW33cYmeKW/oeqqAo2QI5trWWNdaWkUY11vrYsbvcP2mJtuFFIMKbQzj5mcxibsgWCPLSphoWnl8+yahIQ3nq36njRRBpw4tAkpbeyi12Jjj595nF3DBVIGmeX3cle2JVVeor9boMnLThRSAJU+vkFjsTPhGQBQWxE0ix4UkglraSW2xfqTcVyWLiqEDGwIclbrN9JdqNMqqYG1QgY0Agm7nN9hU3W+ZTxdygAuGY+t3cZvvCH+pFFnOBCiSN/gC32b7iEW05XUwcFUga/SFus33J/D5IGhUIx9R/zG22L1x4yGIuUIFwRAKBE4cuKeQSFQhHbIbIfR8LUYGkEfhvbnDL2kcXE0cFMs4z3Gb7gmn1GFHIFSqQcQQCkfxOL6ICGWd6BvLWznp2+u6rpYI1qbayoQKZwOnB+ez9x3cyduC7UsBaWJNqKxseBfILbrN9xU1jlCjkCqeBIGd26ezC/ntIg52ANbAW1cZUeBEI/l8bbrN94Q/hgoX9TaqgKC9vrL1ADToXZ+5tZReeGCKNtgOee+Zeg6ydixc31sj9ESLoqegPOIstWfBl2I/8miwswG3NwX8fHxD7luzf7mli5/f1k4ZPBZ6D51I1c4F9xT5TYxEBvURPub1iSrS3fwwKPUg14BS90n/2zvZg6lOElAG5eGvnHPbO977OLu7fRZo/ETwGj8VzqFq5wD5ugr5in6mxOCXlIXjJbXWvpGmsgqKufiURDi4ULGND11WQJtjl9GADO7vnFrj6+9jFA8MfhDAyzM4/2gevLYNjriHPtcsg9BH76jYQ9Ay94zbKldt1JR0IMthRITxTJlPH/jrUkAL/TB9jH+zTjqVjYbgOxM16YVdu1pWJgSD9VpCd3EYbUwhODtSyLWZwvH+IaCDokev1wq5E15XMQJCVTX52dLN3H/mxyyvfggW80T+pb4hIIClvZK4XduV0XaECQZbU+9nTq6tJo/LBT1ZXsUhd+SX9QpwEgl54tl7YlZN1JVsgae5YFMzrbMFZsb5t8i0qE9uB5GO9sCu760quQJAF1eXs29dXsFf75H2ENJM/bqmBp6hgqi2qDxOxEwiOPW/rhV3ZWVfsBJKmrbqMbQkH2eEeeTPmuWR1qmZbVe4g0uQKJDXmQqwXdjXVuuIkkIl0zitn25YE2U/XVLPX+mizKfBYPGcgUsGiUIOqnYtsgeAYC75e2FW2dUU0kDTNwbJ3mwNlr3dcVf7LjQsDo8OdFYceWlZ56LHllaMI/hn/bUNb4DAeg8c2B33nqFp2IQMppvXCrqh1xXYgAd87wCiYuRtYE/KXNmtVV3yRl3YsPLfZ7w9hLQh1Tyjoez7VBtV2BpmB4JiKbr2wK7y34ofCcgYSKDsJV/OPgJVahe/KaEmJ57+nFtsIBUtrsE1ofy/2gerb5EBgLMW8XtgVXFWr8efXpgNpDvj+DlfrCLA6VOkrml9vin1J9SngO4B9TAeCfccx8MNmhvCea1T4tsMtA++9+f/dGs51eVPA14h9nnbrhZKSkpKSkpKSkpKSkm2VlPwfHyeBMHZuQlIAAAAASUVORK5CYII=
user3	data:image/png;base64,iVBORw0KGgoAAAANSUhEUgAAAGQAAABkCAYAAABw4pVUAAAAAXNSR0IArs4c6QAAAARnQU1BAACxjwv8YQUAAAAJcEhZcwAADsMAAA7DAcdvqGQAABOkSURBVHhe7V1ndBTHlvbGX/s2/Ng9u7/e291zNv3c9bOxnw1ISAIEiqOEMgJEFkGgmREIEWyDZoRAsowlTYskjP1IIj8/MNEEi2SbYDJ4jW0wtkkGjISg9n7VVT0tqTGIqR4NrL5z7tFoprvr3u92V1fdulX1Qje60Y3nBaWlK/7SXV77Hy5PfYTLoyU7PVquy+sb4/RqTgj/jO/oNxyDY/Nra/9CnN6NQOCcU/s3Tq8vxuXxeYjsDUT0Wfp73+XVWGdEP8d3BtfAtVxldQNLKxv+WhTTjUeCsT9xl9W9TqTNISKb6G9re3KVCV3b6fF9Qp9nF5XXvoqyhRbdmOSp+Vd6EqYTOefakCZkytyFbP6i1WzZum3sj7sPssPHz7Ivv7nCLn9/jf144xa7+/M91tr6gAs+47vLV3/kx+BYnLNs3Uf8GriWVRkk50iHadBFqPX/D0Xe+v5U1++gu/WhmZzi8npW3bCWbd51gJ2+cIk1t9xnqtDc0sKvuXlnE3t76Vpelrls6EKO2U5/+wk1n2+Ulpb+qdvrSySDj7QhggQE7Tl8nP10566gz36grI8PHeNlt9eHbpZD7nItHjoL9Z8vOL114WTocbPRpZVL2KYdTbz66WpAh43bP+E6mXWkm+eou6y+lzDj2UdxRc0/kWHvmY2c+XYD27r3MLtDdX6oATpt3XOYzSAdDZ31arVhkmfRPwqznkFQy8XpqRtNhtyQhpXMX8y27f+U3WtuEeaHLqAjdC2Zt8hwDLXMrtPfUc9cq6x03qK/JeUbpSGQpY1b2fWbPwlznx1cu/ETW7Jmi2EHBLbBRmFuaKNobl0PUvhLqfyc2g/YyXP/K8x7dvEF2QBb/E7RLkwu014UZocm3B5tGLVOWqTSi1f/kd25G3rviacFbIFN0j6y9Z6zTMsT5ocW0LGSiqID9vHBY+yhMOR5Amza2fQ5K5adTLzwPb4pgoauB9rpVEW9I52BFtSXX1/RtX+OcZFsbNMS8/qqurzPkrxixZ+RM5ZJpWbXvM++++G6UPn5xxXqu7z17nKzU5Z0aQuMlFgglZlbv8r2VtQ96iNcPHee7d/9Mftw/Qa2evn7bNV7y7lsXNPImvbuZd9cuiSODg5gM2z3O0VbIOgJLpzlWrFUomLhKnb7zs9CRXVovX+fHW5qYu9WzGMFeUNYXO9wFtOz92MlMzaezXvzLXb000/FlewFbDc7hWoNl6ApOCjy+EbKwlFN3bh1W6imBt9ducK06ndY+sBYS8I7I87RY9nRI0fEle0DOAAXnBcEKYPV+nJ561+mFlUzCp5VvUxpHOraDz+wyjllLD6sTxtSY3uFsdSo/iwnNoHlJ6Wy0WkZbHxmLpuQNZgV5gyhv3lsbHo2G52awfISklhav2h6msLaXKNmfiVrabE3QgAuplct1Z8ScFTu+x9Bmz1wzV7wd/TiuogCp1Qs5GMOqvCHdetZChFpJjG1b382zJHKCQfxnZHxWbksJy6xTTU3eeRodue22qe5PdDClOMu6Dxi5FPQpxjUeqBC1qIgyO4DR4UKgeHunTvsraklbRyR3m8AG5OeZUl0Z6UgI4elRPXzO2XUaNbc3CxKtwe7qJ8ieSKnrBYMqgVdfJQsZPGaLUo6fTeuXWcThuUbZCWER7CRqemWxAYk2XksPXqgUc6CuRVCA3sAbhaZevT0zh0uaFQDhNCp5XATF8eLS0U45NbNm2xMbp5BUho9FahmLAlVJHgPoSy8k04ePy40sQfgSL7kibvrhd4F/yDoDBx0UWM8Q0WgEFVG4YiRhjOyBsRaEqhaUH3Jl30s/c2KS+DN6bqqt3nz+uEDtcEeBCQlb7zTqALuMi1MXhQhdBWonV9lOCODqhIr8uySrIFxRtntZVRWDtuxZSt7+FCdY1C9c/6oKYysGkHr0wGxGboYH3bF4JKKnjjuRFQZICAlsp8laXZKQUY2y4mJ54InEy25OKGPlDnTplNr7I7QODBcu3GLcyec8llAoRVqITj4hUi27w+813u/5T4bnp7JjY4PC2fjqAqxIi3Ygmb10MQklmDq/+BpuXFdTVzuo31HdIeQOD11cYLezoM6N4dxEUQ1VQy7rl+5yjAYBFiR05UyMXswG0SNC6nj+KHDlHQmf77X7O8werQDgt7OgedNCa8iISFQtLa2srzkFG6oo0+UJSEhIdlDWMaAGMMpi96tERYEBiROSD5dHi1K0Pzk4ElsdPK0+UuUZIfs27XbMHJoYoo1GSEiE6nfkhTRl+saT32jb7/+Wljx9EAzGFyCUyTjCZqfDEip5CNhdDLyplRgzrRS3cDefchgayJCSUan6e86SLWnXFgRGJD3pT8hvodTvHX/LOh+PMiDyLXlJ2MQJlA037vHkqL0Ow7VgRUBoShogUFnxNhUhFsQfJS8klNKBN2PAc+n8p3HSVVLG8WlAgPGJeTdNiJ5kKXxoSiILEu9D+7bL6wJDJVLGoVTfGcE478MZ3n9a9KLew+rCS+saFhmGGZ3eESlIMQv9V5cUyusCQzIJZb8ImVK0P5o0KOE+Rk8M1xV4rNnxkxuVGJ4pKXhwZJRqRlsHJFs9dujBC1C6F46abKwJjDcun2XuWXWvcf3pqD90aADm3AwpgSoQuHwEdyoNKqTrYwOhgyOdxh3e3JUP5bvSOVNXKtjzSL7JSMys4Q1gaNKVFv0rt4naLcGBlPIa3zmEuZnqEJ2gk5GZpCCiGZBQBGRZOkMs6BpO/Yx4y6Z0fowcmr/AcKawLFpZ5NwiHZ/cpn2K0F/R5DHYnAgBBNbVAHGwKjsmHhLo+0Q1P8ozxynSu/bhxVnDmDJEf5RRER/hyelWV4DgmvgOPRHVOHU+a/0KoukyKsNEPR3BD0dHhyEIUiVM5dkMBFj4lZGqxKEPkDuILoBZJmQ2F692cS0aLaiJJWtnTGIrZqWxoqz6Cah7+Ux+UnWnVXpEEdElLAmcCAMZWQ+erXZgv6O4DNV6aB5i1aLU9UAdTaMUvmEIMEBnTcQCUdjmBbES4KlDI+PYnWFDu6I9lJdkMgSwnTH4Vxcr305qGbxO6pdlQDH3CEebb2gvyOcHu0sDsIES5UY7EjmRj1RpzA7j1pD6Tx7JCM6ho/yJUf2462dxLCIJ8rNcoSHsUmDoplWmGTpCLO8O8FBTtHPS+wTwcMmZn3wtOG3Udk5who1aFi7VTwhvlOC/rbABHs5D/zD3QfFaWowJmcwNwrGmY01S0FmDsseGNchBehJBKN/OdERzE3vh3fGOdiq0jRL8h8ls4b487/y4ttGoZMj9QhDycRJwho1AMfiCWmxXNzA7a3/L91jGjty4qw4TQ3QhodRMM5srJQhickd73yqQtL7RrD82ChWkNSfC+56kF6aG8PeIBLnjY5ni4uSWWMnHdBeGqcPYoMHRvJycUOYnxL5LsIwr0ocOnZGPCEao5bWvws3+FFUXtdXHnDx0mVxmhogCxFGwTizIyC5VP9LJ6AeH5XYl1WOSTBewMGSilF+PUam6OGdsYOyje8+3LBBWKMGF766bDikqNwXKdzgh3l0UPWs2C0bNxmGwUjpDLyQ5fdpkeGshupzK7KCIaup5SUTIGTjI59abFK/UydOCGvUwBxodHrqE4Qb/KCXS448QHUW++kvThqGIWAHYzFsmkhte3znCA9ny9wplkQFU7L769UmWoXQUSZEOKiqxfCzSmDuoskh2cINfpBDxsgDVE9DQxa7bPrK3jpCF/gf4hkeZ0lQsGVEnO4QGXNLEnGs4oLxwhJ1AMd+h9SNFm7wAyn08gCsG6Ia8sXuiNCNRZMW/8dTNbFqmjVBwZaCRL2Fh969OdK7rH6hsEIdwLHfIRbTF+x2iDkEj/gSHIPPudHhluR0hUxI1qtQyDCH//124qiaPGYzHusQO6usB62trHpagWEgOn2yvzE8po8lOV0hZocM6q/nAsf37sUavG724IHam/T23Z9NDrGosux8qe9Ys5i5kl5mjrBe3EieYyvCHGMSQtMhsl+UGfUa131n41JhjRoggc7vEIuXup3N3opxqdyoIQN6GgZLCVWHSBmX0JPrDhtUAmt6mRzSsdlrZ8dw6iD9LpuZ3dHgUHYIAo/eoZFcd9igEue/+tZwCNaHFG7wo2iO7z/lAapDJzNzdaPKh0Ww7Oi2RoeyQ8Y6+rK5w/roN9NgdeF34LGhEzuDi1VF2dyoWVk92Yxc/8QZSCg7pHxkLNcZulc7c4U1amAOLpaWlv65cENb0Iv9DA5SHX7ftKSSG+VO6sG0ifH0wgx9hyB6sHRyInMnv8x139xQLaxRg8eG3wG7Bqi+Pn+SGwWZlx/JxiTqIe1QdsjE1P6sgnSVen9z4bSwRg3kABX1QdYJ+jvCriFcoGZqPjfMndyDVYz0V1uh6pD5o2K5rtC5pmS4sEINOjGE609yOKUwyQG4dO4Lw8DpGa+x8bEvcqnIj7IkpyukamRfQ6/p6XrL0J38CtddJcxJDq4yX7SgvyOw4rMdaUASWz6o5UZCQt0hUs+tv/cJ7dUBCezcGfRC/8U0IIDqNKz4zJdOVY2HDx+wldUznxmHrKmZrXS+oYSR3+vR9graHw06cDYOVplK2h6fbFkTkg6ZP8LvkANb1d+QgDmVlBpRbwjaHw23x/c77j2SPYfsm8tdnB7ODUdnsT0xXSXQBTpNTvqd0FI9dh88qj8dJNQZf0nQ/gvQl9Dg67AjB9UuvDkikRs/OzfMkpyukLdIF+g0NUttr9wMWV05PdppwfjjQXVbqfSiigk7Vqh0DuHGz8h83ZKcrpAZGT25ThWFanOwJNoEFL3aVEH34+GqqP8Xam3xKW0bd3wiLqcWyyunc+MnJbzM03CsCAqmQIdJCS9xnT54e5bQUi02mqa0OWcv+o2g+8mAiYk4WdWkz/Y4uGMzNx7S4EywJCmYsrQo3tDn0M4/CC3VIaBJn4A5HK9iWnR73PjhqkFAJTU3rUgKpswfHmXoc/Pa90JLddjy8SGjurIMtz8JXF7fQVwAk97tWK/dOz6DE+BK6tGl1Vbj9DRW5OjBdZk7Ud3EHAnzwgEkTYLezgMjWdKr2/apX7fwwPaNxl1ZN26gJVnBkJqCAYYe0Ek1PtrrX1oDe2AJep8CmJHr1T7HhbCACpK7VKL1fgubltOPE1Gc8ipbE2CO7tMIyixOeYXrUDq4P9dJJTB2PlXssEDvjsMBLT4DYDMT2eLCLgGqsWv9+8bdOTc/0pI0O2Vuvt4ZhOzZtFJopQ7GWvHEITrdgtbAQBds4BclwaJcKoH0mvlFgzkhE+JeZIsnx1sSZ4egLJSJsqtcQ3msTSVOnP3SqKqoI7hQ0Bk4sLOMU9/MRNkSf2Z8d+kim5T0KiemkPoC77kSLQlUKSgDZaFMhEqufvOV0EYNkHdlLPHn1a6536z/e0GnGpgXT8ZjqDoGirb/hLjfcoKc1OJZ7rYvE/49l4NaVXrEeWL8S8r7HXwRzFUfGk8HtvEQNCoEj3H51shCsBSqaqAOB0n8SSGifBNiLAkNROrGx/Bry3L2bFb/3sB2FpInenf8XjCoHvpWRtoFFIRhXju2pdjR2MDvWpCF+t2T14etLEm2JLczsmJqCr+WdATK2LXhfVGqOiDfSg7PEldn7VtIWcDlrf0tNd/4UuPo7KjOcgROHdnPpmT6Wz+4ozFWsZJItSL7lwTOxLnmp2JqViQ7/Zn6EVFwYXQAPdq94rKF/y1osxdub/0Q2RTGi0v1YvzAtauXWc30sQaJEDwxMzN7spqxA4joRzsHv+EYHCtbUVJqZ4xj179X/2S3X4zfVa5lCLqCA/P0BWzVYMd2FcDZY4dYRWF2G1IhzuRX2MLCjhN98B1+a3/8vEm5/Fp2QN+uYqXuDBLL6QXBABUelA1dMK594eTnbHWdl5Xk+IdZcfeXpr/OR/og+Gx+InAszsG5doyNAx02dPH45gt6ugB6y2uJVAbb/9g1oCWBjiR697LfYiXoV+AY1XM62qP9lkf0El8ccGgkUOiLLfuqpFLB2hQM4fsNS6p5xLgo5XUu+Izv8JvdwLRm86Zg1NCZ1+XOMIMe1SnyRY9mH9ri9lQSXQvY1H7bPOqJOwUNoQVs84PmnrxrnreNJREO6bCxpEfLFeaHJrAdqew8QtAUVB2Q7AogUNhui7wztm9ppAro0ZPCq/zK66F7jA08a/iRdDZ2OPDLCqTdCnOfHdAdlC+jxBBshY2F6e0YDlYNDLsil6DN9t2I2toSKAwisLMMbxqLFz4ErZMtew6H5PsFOiEhwTQGrve8vb5FykPoXQlsZkKGfWYYSYK0mA3b99sSD+ssoMOGbfuNVB0pGHZVNtIXckBHslyLJUP5UrRmQYolFhm2K8HbCrdu3+FlVi5e00YXLh5tP3QNqb6FnUDeFxLGzFUZBJnhyCnGHApMbGlWuBkkrnWSrolr4wYwFjSWAl082ranzpt6HoBdAoiIEt6MNJMjBB0wzMdrWPsRn7l66NhpHgn49uqPvAWErEqsGwLBZ3yH37C9No7FOTgX+/WappG1E98p6DDFq/1aqNUNgO7OV6gl8wY9Ofvo731r8gIXfm2PtpecMOuJ1l/vBu9g/gqLDBNpc6jpvI46m6eJxBYrgn9R+Dn0BGCXUqxrX+aLLq2u/itRTDcCARY3cJXX/Zu7XOtDDnIQ0TlYSQexJC70Wf9Oc+AYHGu54mc3utGNZxIvvPB/YJG+DB02x30AAAAASUVORK5CYII=
user1	data:image/png;base64,iVBORw0KGgoAAAANSUhEUgAAAGQAAABkCAYAAABw4pVUAAAAAXNSR0IArs4c6QAAAARnQU1BAACxjwv8YQUAAAAJcEhZcwAADsMAAA7DAcdvqGQAAB4TSURBVHhe7Z0JeFRFtoDtvdN7ujvd6aSX7DvZEwIhC2ENCQnIojKOzihPFBf4BFFxxln06bh9bqCj44bOm+U9fY6jjmgAAyEJAWQLhFUgLLLKDgIh6XdOpeu+m6Y66b7dQHCs7/u/LLdu3Vv7OadO1b3hOgliz09+kAAlwO+ANzw8DdwMmIGfQghDLPAUsB44D3QAO4H/BaqAgcBmwO2Di8CnQAGAlVkLzAM+A/4GPA4UAT+FPgIW0idAJ8AqaG9OqRWSFqs+rN4CaMJkjSKRqJ13HSumife3NxuB8cBPwSvYgb8AXQAWVKdUIl4TE6GtK0qwrC1LtbUVxEe0WHTKxXDtFMaRScRtVTmOk+MLY9zelCRHtsL96zxpIefDNfK61CjD4tgI7WKoRKyk07zrHwJK4KcAYSRwFCCFo1JIVpWn2b5lFTQyJsdxODXa0ACVcYp1nVKT7/wB0vse07Qb1Z96X6/OdZy0hYd9DdcveJ79BcCaq/6twiiAFIhIdMPhwoSI9d4FJ5RxBTGXIN2TmPbobPsWVhykAJ4JcXCewkp5GMD5yQX821UOSkJHADcML22VOfZjrAITSmlaJM4PpNdFGVVLMhzhLeXptp2suOFq+Uoal8dZ4F/AzwAp8KMOIuA1wA2/HIXKOMEqKCGMzXOehvkChyKUzLwL2S0WiXY6TOql1XnOM/Se0jTbLrlMvAoEApTkDgN0GKO0AinAjyakAi8COJmiFEQmZgTmgxZ+gfoCCzrDaWzQqeTLJGJRG0pTMMztV0jFa+KtumVjc51nYV44JhWLNtC0Id4WbZhsuVImwcLmS1/YEA4NSrKsZT2rJt91riQlcr1FF4ZCBBn2gBNAGnBdBx2APYElxnaadWENrALhg5M4TL5YMGSC9gVUzj45SGaev4/lxJpWeKc1IjO63WnWfA2VcdAT72xZum2jdzw+I7PsB6Bit3ri43xz3c4tQwAcAkiBQcttw5acHx+xqjjFugkKus85I8MejkMP15ug0A+ZtIplyVH6huIk6wZMy25UfQ3/P0DjAGeHJFt6LeQqkLCgkIliCZXYxIrDZ2RW9CGIi1Ibpj8RuO7CQwBKOZiB4+kOw2WttS/iI3XYK0ghQ+Ftz3aZWmrzYy6x4lbmOI7iUBZr0daPyrIfZMXxpiiRSFeY/kUQkY+y4vAxqLiJ/+9AOKAB+n3AyfoPAClIpVyyZnSW/Qgrg71Rnh61Ce4nFWrSKBpr850drHjBUJNH9BTyjDHZju2sOHzS7IZvMK4XqHxOAvpt4CrDjAVZENPJylxfgHK4HNOACv2GdT1UgMS1C58TFa76Cir9PCsOZWRm9BEUBDz5oxYFynxADvSrgFZW8oI2g6rPcdkXtYUuFDlRonGDFNTrXBAsOMTRdwZOGtTy5SWpkT6VyNoC1wVQOI8BP4wYEL0bey/v/i8BBdAvghUgk69GKfNLjPVFdY6Dm6Bh4g+ZfuKDLqdJjZVCRVukM0KnXIKaPiP+ZWS6wnEoQyMm3ovW5H6hRL4OEPNHVa7zHOvF/QUmbhzbSQ+JAIkKdIvTrHihBJXENIdxOUhcdKJ3m7TKOlZcFlkuI1YKFWL+E7imwQQQrTjdHr6a9cKBUFPgvKCQiVdgeghWMihqfrXWUBDXPYzhHNFZlmbz27bmMqvp8IUVg4rwNQu/AHCC3DeO8aIB0AX6RT1UwF5MjwLpflt7FSsEUcgkq/HZoER+wbruC6lYvM3z3m8C1yz8FXBbdGGNrJf0BzSVg2TFnyBPRIaHLSlNjVznS/e4koSr5cvwPax65ees676AEYKKxt8B1yysAtzJUYErfxRQulAjJ5WBhQGKXkgtv4EAvbyTisOp0YaFrDi+KE+LomIxEglc9YC2KjIRJkbqBfWQinTbFrifyPWuCO1SVpxQMTQjajvOUaxrlASLljaO4zDZ72HF8QXoKuc89yJX1dECl1zfAujCjuAhy2OvcovFoj615WAoTIggpg+JWLRtVLb9ECtOWnQ4TujE9G4zhl22ytgX6Q4DmulphewGcBXyXkANXLEwFjgO0AefUkjFa0tSIgUV6EBPQQFnh6RYN7PiULB1D3AYG0GDbzGq5Wgp7vKO44sYs4azjQHfO4zqenhe27CMqF0DXMZGmMjJ0EsJk0mWs9LpDRACWvhp8NgPoLdMyANq40TehnF2b6YzfDWMuX4XCouqXAcuCFHz/BlbuGoprqnTyXw0tOa8ePMqi05RL+pePOIyGqFTLIM4fT4fxOaz8L5UAuKsxww6HFbDIvyJf6fbDYtZ6flibL7zQk6MaXlRorUpL9bcbAPBBN6ZLhtgHu8CQhbQRYd0Z+gRG6AguRW3YEiM1KLJwbtgeuOEQRvWQP+Gd1lflurbKQJ6wHZQ+Ij0IxKJDs+fWbt/fEl6nUIqoWvpnbh45bIa6p6cOrL1g8ducucmRdd50j9bnGxlLmL5Cyi2Z9QKGe192JjRuS/oYAGIfiCViDdji2M9PFBq8pynQe8gEs3AVPuXw/MTv1TIJWhB5U+OWJB7LeHqZZPLsxa/NXvCCSy04bmJWJHUZIFuQxttetXSpEjdsjS7oQkEhHoc2uAa6dHwnKMP3Vy6Gu/lmDv5h/cfu+lUj/8B7z06+YJBE0bF8JNDgqyUcQUxXWEKCV08QyEmaJejjwFM7MSIzOgDrIcKIdIQ9hWmiy33T7NvJAWNvA8F9cK9VVueu2fM1jdn3/gdv7D4/Pq2ijVqpRwL3dv62gOM84e7Rm9jpeGLPz004aRSLqW+Xec0StmK/DizYNG+Msd+CoYvOvc+CAgOYwBMpCs7xhQSc/i4AldHvFWLYzVpvZOHZn7NKhR/eequ0RuripK/skfolmDhI3q1YnlucvQXc28tX8m6xx/+OGv8EUir2ZN/lNCCMg05zGpqEsJeIiig5ZJMhjAOrmQ9JFDy4yNaoEfswTSRmMjwOhg2ulgF0h+A3no+xWleiO8KkhgKEcx8+cPQ9Ci+dCrIi+UOAG++OGxA1H7WQwIF9I02T5onC1MdCxfMvamDVRD9ifLs2CX4zlqlbBErT4EAjZFKXbcCAQfiUmPWKQTbqbyByZdIPBOHDmhgZf5q8O7DEztZ//dFXmIU0WGMGnlAphQWIGhQ5fERIKCQA+CNncMHRB9mJS4ElVxCRNaSTFc9K/PIG7PGn545aci60YVJS4fmxNVPrSpY8dbDE86x4gZCdVFKo0Qs3ofPB6nrlN1iWPXCvdUHWHH5JDnMxJpgM4T9i5WnQFArOEHhCSCggDVIdA5WwkIxaZRExk+INi1lZf7thyeeh8IiC1R8oKsfBLF1LesefxgyIIbTXfjAEPrdi/dV72fdQ4k268i9MRGaoCsERgjqGjUDCCjgPg13rFUjeH2chd2sIaKuSa9qYWX+vbmTL4HShoIEyO7SVhSJMT4Cvx96e86E0973PHv3mO+g5e8fnOH0Ka05IvRkn4jVoG6QSSXbaZpIfJSR2TgoJp2KSEdJUfqghqyyNBt10EPQ0TygQMb6/FhzSHtISpSBTJAgsWxmZR55/9FJnaB/nHn30YmXQHbnr3e7bxud2+gdf2p1IdGEocL2eV+jvA1D3pwp5WtQorOZdD028UAD2MK6h6JRytdivCyXUfCkDqI+7mmh5ptvgYC9VMhLDIyP2MR6gFAK4sxEA4bCO8LKPJ/5M8ddNnSVZsZe1gumDMsmRj0YfnxWCJ/Hbx+OesAZmiZKUax4FOhRGN89MMEiWOyNt+qopo42LUHmk/8G3Aa1XLB2yqIiPYrbG/juI5POswqADwxb3LYCoGvOlLL13nFuHpZJKhkUt53e13zx3D2V7RW58fUzJhavYl3nIxaJcAXQXZJqE6yLQRrUm+ZPgKCAYxyp0eIkq09fpUCpzXfiEEQ09GemjW5nFQCfVx+oOZLkiKiHcbz5ZyNyLhuukCnDssiQBZn2q4cECqRN/HpHZEYL9hPD+Q/TAGYDgsM/AGJQZD1EKNSR4YEJg9exCiBQplUPpNZUzh4WKt5+aCJu3MG0cUvEblZ+/AGFI0862Bhxp5ag4ADIWgXoIsxVNiHIJWJSgFWDUkKiHM6YUEyVrY5Qm2Gev2cM9YLpGF8QE9RaP26/8KSF3AMEHNDLm1hSByVZt7IeIgSDSk4krYxYa6/ipr/MubmMSi8oTYW0l8y9tYKaetBpPKjFOMSsUVBjJS4xBLTujobFzwEcYg6E0lnNZdagpddt1KoEW2L5/P6OEWRNBZk/o9anuV4I944fRHy0oAx8LoIFQk2BCxfE6AQ/B/Ar4LEVRDEELhQmmFtZiQslO8ZEui5qraxCCJQ/TKskUhDy3N1jvmXFEcrkck6CC2qRio89nDPD46ZSvwKeH4I3dA5wBu8e6o1n/wemf/HdRydfYhVEILx4XzW3Tv67O0YGtBDVF8Ny45diugqZOCjTO5+8WDPNP9rV+gw2gLj3uMzaPvcACqEm34kKH5mbnplWuZdVEIHwx1nj6XYz9/PTx/QpSgdCOsxzmG4oTO+U4mQrugjh+6IzRZ97FlEkQ613l9ANN/4g6m4d7mljB/Zc5xbAG7NvJJWBPDk1tD0k0tQtrpq1yoD8fHujPN3G3xOpB3oNZBOLw6QO2C8pEGD+IKaEEfkJy1gFEShQwcQUMvumkjWs60JRKeVkTSjWEryll1KREcU3CfVZIWRFqyjRElIbljc6lYyIvkl2U0gqJEwhJSaZgmT7V6zrQoHJnPTkTJfJ7/0ifTEy0+53D0GXRxIRtwKzEgsVdlO3GV6nVn7DKohAgYqgStfZ8SVpy1lxAmXB3Mk4zxFXIxj3Q7YMMTwjilSyh15dgrC2SMTKHDvz6KNQEWfVkgrBFsgqjEB5bea4U7jYRN//mbsrd7HiBcIL06u49HLjTPWsfAjBc+ANpounIPUawgDyAiMyQ7dsywLESOrT2/n2nAkXWAUSKC/dN/ZAXJRxKfSWugUhMKFQpRCRScQhs3qbNApq18I9iX0GMjkOTg6dqcQb3IMBzyAnASG/vn3YdlaBXGtwBZK+I3BubF7fBwz0RVFSBC5O0YNx/DoVgnSnNLvwDTh9AfMTvhTNqPvG0gymWf1aY9Kqeniz58eZl7Dy4w9oeoqzaDE9uoUDfb1AOOw74P44NACGdC2dT6bLSLaMUVJclpBIWqFGJBJxJ90hJp0yYNG3MMGyzXMsB9/rHs1SfYq7NOChkHjTmapcZ0icqr2J0CmJcZGCTg2sArmWPHnnKO7gHIpIdMN2HG5ZeWJRMcCGKgTf7xg19KmAXz2DBrTyEtVer5I3sx4ULCBZUSmD7gvpemVG7TFWwfjDHWMKWv6juvAyLxZ0lpg/s+ao9//9oTjDRUwm3pSm2Vax8sRibL7zIvQy3KyD96IZH4UmQaEaIC9gVIf28BeYGNG/lewzkYm6ndaQieUZzayC6YvXHhxHXTO7JpT+vzckOjIoZVIshEsPTioJeGVS1u2KRN7NA5mIA3WWw6Oi4D56Qh2eiSI4/BogLwMtemuozh0pTDATkQ/de8xyBXf6m06tELyca9areR7q4t1QEdSainQEWiFzppRSRww8SvYY/h6r7H6GWCTaGsiwhYCARN8PR4R0QHBAZ2tu84xKLlmJWibrof5CPReT1bomjUTKb4Wd/rh1snhrzoQzToseNXU6BHa/r1LeCj1lK+ue3rAY1MQnzahRfA7zBumBb2YWrqL2sgIBSqKyeyMSvlfAPr3ewQngoV0kk3KJWHBPwX0hkCkypj6bkt0SJuaGBSIKJthNQYm/z06rbEd/4NKs2PqZk4rXC1EOZ99cSs9mvDAyMxqHPDJU1Q2s2Jyn75YOoQwCnlujwlVUERbsBuQdiOOcWacQbAUuSrJQ75Af2ofVnoU5hCy9wjxF7VAdT901Kuj1EaG8D6iUMtJI9GrZF6Avcdu+t5RVHfq6aNgO+B2lpq6yAH20YiI0dNjCU7SDDuUAKbBgvE+Mmm5xN06lWXF81ES3XCwmPrY5saZvqDlep1aue2/u5GuygaemOJW24oNjcu37ixIiiOgLvfoEvi9iVSiJOUWjlAWkJPIqBBXCoAN+UcCtVkgEe+7VFrouQsaIs/GLabmrMXMGabfP7ACncY3nRAey8jcw1dHEKrAryRN3jkB3HzJfptgN5IyTWIuW9GidVNpKK+S/cgaRdwYujM6OZh7MzMJm4LR+PBsmqIAaJRHbChKEO14XxkeQhX2olOMHR4y/iJmzK7u9yuMjdWRMjvdYgIHOOyrzQuJE5w/zZtaehB5K5g6VXLqIHl6mDZOSXpurNzbQCkHo3Oc0qf0WgWVSMT1q1m9PE1+B6iTnYFIW7JdkUMnJLiSQrpppxkqMEWR1MlzNKaBdurDuhSvg0pTh2SFZK+kNrAylolvaE4tFG8bmub6n70z9cR9PzGjkV8gvHXFEaQR1YB2N2xsFcWa6/QHXVvDbKEEF3MJLNuizHuYv6NeE6aB0RTM2Ky6FSC0yiZhbncRzDekuK+DSsNyEFTjZsgozWJ6ZVnkQFEBilYCeu2dUZjTnMluV46AWWfeaktH7+RXSMHg4Nat0VOc5ez2WtjzdthfSpnasl4CgA9lJpVfJBc8f1bkOdDQm0smuipozNGMf5Q6himGPY/xqC5zntWEy0nuQcK1y/cv31wg2rbCYWl2Am4HI3hO0UY3Iiu7hUD6o20xOhlh+ZVBoIRcnW3xaxdMd4VsgHl0/x+FZBQQdpgPYQ/zqniwGJ1uI9CIViXq0NBAlOWvq6KzLDuTv8izzkpYKhXZqULqz6fVZ439gFbC/PHtP5ZEos5ZbeIJK2V6Z7Wj3erY7w2kk/sJaiXQj/50pICGSCsuN6bmJJ8tl3GALVzVLJSL+EgOmFQ2EJOAZJ5joOaHW35wYExmalDAZemcM08VrJamRu1j34rEWMJZzGj0U4IncxOjGJ+4c2eu+QG8eubV8d3yUCSUdalciqJTSr1nPTY3uPjhZL5Vu8H5nhM4vBfERnNZenGLl9t97wDkDP1YWkp5BA/Q68kUDd5xVJ2h7dH5ct/1KIhJ9550xSJyYJkpSrDtY9yI4r4Aktgji9jgNCCSjvVDIzZVFyc3Txw/a9KufV+xC8fXXt1e03wt/Vw5MbomxhbdIJGK+l4c7TC77NsUZQdICqYpZIdkxJtJDWO+8o7waezbpuaDNc5Ln2Hwnblil74j34+6BKxJwkwk+5MwwAbasivQobhfUt0PHnuYyNrQGl3HJ5h3GkHUZUDFnk6L03CFjgRKuCfv2zjH57e/Pney+ZVgW+Z9SJmYqeFDQ3KkLnxaUtfErZITJSuY3kMrWQNwekucARzjduoZz5mjgigRcI6Fe4AcCtfx6zuIl88XDCamcCPnzqBgiCuPOJ9Z9vgDRmKx1Q0s/mh5rWaFXK9ugtxyEHkQqCn5ehL8PG9TKbekx1vVQ+Dteur+6hw/x/TcOJoWNEzrrGQjMm8RqjEPt1qHVh3dXjD1eY7HjOxMjZk6s6UvWfWqFjM5RqHtcsYOV0eeXtvQuPHQYP1eXZjc0Vvlx2LFZ223lFd0gOvZyem7LJJsDzSjE5ykhwKFwYFIE0XpBD7ggVCT+ze3DqUDRNSTVyjxUpyw9Eodq+jU37Mn0OChc9fyEdQ+CHjsQh4rNw4ErFvDQ5AUAf1kSJ9rvQG7vtVLw6zfQE3o4NyCeo8kDUjhHZ0Zz+0EqByY1zZhYvP71B8edZRU8n3cfmdQx++ayLYnRZpT6OFM9NK6Vvo6jLU2NxAPQ6Aon9r59yTb9v/o6ihx6KNXMfwVc8ZAP/Ab4I0A2M2a6jH3qKZU5jkOgzyyFCtwDrbstyaZHR4qAtX8YMjmxlUcXpLlXrZSvsxrUTVajpsliUDfq1YqV8L/VnhXAHnOPVqvFiZf8D9dpIG2f7zIGdClo+dv9PRNeq+SGLfzC0FUNxCyQFx/aTT2+GJfv6qBOdhKpdJ9Wp2sTi8U9pK/egMZwKjE5uem1BQvWb9q3zz1txgzO4UKtkDRATz7Oem6gKKUSOrxf1bPgcdGeDF+js6M5G9CVojrX+b1CRo7tw4ye+2TJkva2/fvdyFcrVrQ/8dxzy++cPn1xpM1Gj+fD1k+GplFjxzZ8unTp3o1793bRe5AvGhtxjYMbvmBIOhhn1db7My/6Au7FdRTaG9EWeNUCvH+3B2K0UdVwpQ7NRz0k0abDEz7pWSHnnn7ppVX8guWj0mjImB+XmNhktdmICT0uPr6FFfeBOXOIMRN6zjGJRMI/mRqP9WtOjtY3oaiP5yay3o2F3aymwxXqPzLgqoZZAMkEFNgRXHcHsXQ5Hhlu0irwm1ABf/KIUpFh22ozhC0C0ZTvLe7W6/VtrMJFXn7rLbrI1PXsvHkrb7rtNiJaAx0LGxv3e8c3WyykN2Xn5i5ftW3bhZqJE5eLxGL+yW+UCzBH7QCRdkVkuGoZfldrSErkdvqhgJo8Z8eQZOsOz1ItFXpuA656wF6Cn8Pmf+yXw6xR+OsB2TV8QNQOEKMXGcLkX0Il9HBUU4aF7Zh4yy34KSQiTj4/f36rd+EiMFxRR2ZizPT8TsjMyVnOj/vPJUtQzyDD1esLFnDprdu169JTL764LiklZYVMJuvRGBicUSkkK6GyOMnPw/PANQ341bIbAfxCG36L6j0AX+xEfryZv4O1a1hmdHu2y7QCT5fGDz+ixAXxuMNgKDCMnMSh5uU332zFCRgLKxNaMl7TaDRb6f8oH9fVofsONx/g79Ba+Ole/KKh4QCNDxXUvUdFr2dWLqWxtfXsvHfeaZs6fXrTwOLiRmtk5FqpVIpbFXpUuAd8hxqg3wXsOXRyJR/48nw2m/g5+eA8FM6m4rKy5TD0bMSW6l04i1paUKIiBsnfPvPMGv41u8tF11EIv03MaD40/MbzcrEYJ27yv8KiokaM27RpE85HpFc/8fzz3/DT8ZeWtrZzjz/99Ork9HTMF53E0dx+TT/o0lvQAlxh8AFR9ZjBaGzNKyxsmvbAA03v/O1v29ft3NnByrg3JUOHElsStNL9a3fsIPd88PHHqFP0aLEfZA1aV180bAe0DM7MD889ChXdWVlbSywHMCS1t+7Z00PyEsJn9fX75HI5HWaxgvpdwB7yPkAKAiSYg1l5eU2P/v7339SvXXuSlSl/ad648TAMZ2ThZ9r9969AURb0EeJ8gMOP3mDgPCIpWPBUXwHRuBHuJxLV1HvvbWA9Qwj/WLwYTS3UZBKUh+KVCD8H8MUu3nHPPc3YKlmZEMrg0lLSS6BV7pnx8MNkvQXomv/uuxtAJzmk1mq5c7kgzq7/Wbhw9/ibbqJDGhleoJEcWLNz5wVW+kJRKpV07WYy0K8Cyfwtv/hFD8kmVMBcgi2cjttkThmQlUXmBwoojoc/Wbx4P/Qg8nfL5s1npTIZt4h036xZTfz4oQCGUer5iNs6+lUgzgMvvP76ataLh4KhI0fSnuHGgl65ZctZVjw+ny1dug/nLpiIm72ltGBZ8OGHdKjEuQxdcPtVwA2N7sSUlCvSQ5D1u3dfQpMI6gvYG1hxrhbfbN9+GnQlepST34fKXM1QAZDWC2KlTzPHj4E1O3acMZvN1MaGJ9AJOtf9agT09MaXPPPMK680szJzvfPhwoWbYCKnAgTOaf1SKaQBz6YlXxYALoybNKluY3u7X7pGfwekxnMTbrkFdRm6fwbF8Cu2hh7KgJVCPj6JhKlUrW/++c/X7RC2Yc+e83fPnLkIRGa+yw8KFy7gugp41jltTW5zRETzs/PmNYJIepl5pD+yetu2EzfffnsdVAQVaxFcergfwBP4rssQD5CjZynY0gYWF9e98MYbTS1tbYdYhXGtALG4870PP1yTmZ296AaP26kH/B2/buD3XvP+HrKBDwCux3joAsVqR2x8/NKqceO+eujxx7/GAmnauPE7KJyg7U19AcPRD3///PONuGg1IDt7sdjzaQseaJB8FDAAP8qAn269BXgbuGyjvhfHZQrFZhzqUjMylowYM6bul3ffvWjWY48tefKFFxrmvfPO6j9//HHrP+vrCaAAbv9s2bI9yOfw+0dffrnx/Y8+2vD2X//a8uyrrzbPmDOnfsKUKV8NLi2ti09Kqoe5DZU67tBkHig54emsk4Crvvp3rQPuncAKegrAoQ0txcSz8SqCxkFcgn0FwA9p/mh7g9CArTIGKANwSRRXJ18F/gKg2InbjbF34ToL/+g8Frh4hfFwdQ/N9egBiQtpvwV+CZQCV/S7tf+uAd038VRuRIH/uD7CDTf8H1HWWF5nzxQrAAAAAElFTkSuQmCC
\.


--
-- Data for Name: posts; Type: TABLE DATA; Schema: public; Owner: twitterdb
--

COPY public.posts (username, content, id, "timestamp", retweet) FROM stdin;
user1	my first post!	193	2019-07-07T17:56:06.253Z	\N
user3	my post by user3	194	2019-07-07T18:08:02.429Z	\N
user3	jajaja	199	2019-07-09T01:21:05.088Z	\N
user3	pepito!	200	2019-07-09T01:22:27.837Z	194
user3	quoting my post by user3	201	2019-07-09T01:29:38.996Z	194
user3	quoting my first post! byu user1!	202	2019-07-09T01:31:27.576Z	193
user3	post by @user3	203	2019-07-09T01:43:15.856Z	\N
user3	@user sdf asdflasjkdfh aslkhj2	204	2019-07-09T01:43:29.463Z	\N
user3	post @user3	205	2019-07-09T01:44:07.803Z	\N
user3	@user3 poasdfsapdfo ias dflkasjh lkj shf	206	2019-07-09T01:44:13.843Z	\N
user3	@user1lkasjdasdf	207	2019-07-09T01:44:50.190Z	\N
user3	@user1 lasdkjfasldkfjs ad	208	2019-07-09T01:44:54.236Z	\N
user3	pepe@usert1 asdf	209	2019-07-09T01:45:53.612Z	\N
user3	@usersdf asdf	210	2019-07-09T01:49:18.226Z	\N
user3	asdf asdf sadf adf asdf 	211	2019-07-09T20:02:02.897Z	194
user3	quoting my own post!	212	2019-07-09T20:02:33.071Z	194
user3	my own post!!!!	213	2019-07-09T20:02:54.083Z	194
user3	quote jaja	214	2019-07-09T20:19:22.005Z	199
user1	THIS IS MY LAST POST!	215	2019-07-12T19:15:53.052Z	\N
user1	LET's SEE IF THIS WORKS FINE	216	2019-07-12T19:17:16.490Z	\N
user1	PEPITO	217	2019-07-12T19:18:28.364Z	\N
user1	OID MORTALES EL GRITO SAGRADO	218	2019-07-12T19:20:04.936Z	\N
user1	JAJAJAJAJAAJ	219	2019-07-12T19:21:58.562Z	\N
user1	qwerqwerqwerqwer	220	2019-07-12T19:24:23.326Z	\N
user1	asdfasdfsadfsadf	221	2019-07-12T19:26:07.848Z	\N
user1	imagination	222	2019-07-12T19:27:06.678Z	\N
user1	bohemian	223	2019-07-12T19:27:46.323Z	\N
user1	innuendo	224	2019-07-12T19:29:40.325Z	\N
user1	django	225	2019-07-12T19:37:31.088Z	\N
user1	pepitoaa	226	2019-07-14T03:44:53.100Z	\N
user1	pepakasd	227	2019-07-14T19:33:21.684Z	\N
undefined	lalala	228	2019-07-14T19:34:01.605Z	\N
user1	newewst post!	229	2019-07-14T19:34:31.642Z	\N
user1	juanito	230	2019-07-16T21:05:21.947Z	\N
user1	juanito	233	2019-07-18T18:30:42.509Z	\N
user1	new post!	234	2019-07-20T15:41:03.165Z	\N
user1	newest post with aync await	235	2019-07-21T18:49:24.889Z	\N
user1	yet another post	236	2019-07-21T18:50:38.003Z	\N
user1	User1 quoting jajaja by user 3 mon jul 08 2019 at 222105	237	2019-07-21T20:54:55.474Z	199
user1	user1 quoting user1 quoting	238	2019-07-21T20:55:29.270Z	237
user1	user1 quoting @usersdf asdflasjk	239	2019-07-21T20:56:51.362Z	204
user1	user1 quoting user1's yet another post	240	2019-07-21T20:58:11.764Z	236
user1	user1 quoting user1's newest post with aync await	241	2019-07-21T20:59:05.624Z	235
user1	user1 quoting user3's quote jaja	242	2019-07-25T15:35:31.571Z	214
user1	user1 quoting user3's my post by user3	243	2019-07-25T15:41:35.507Z	194
user1	user1 quoting jajaja by user3	244	2019-07-25T15:42:01.710Z	199
user1	kjhlkjhoij oij oij oij oij 	245	2019-07-28T21:23:05.278Z	223
user1	kjhlkjhoij oij oij oij oij 	246	2019-07-28T21:23:08.257Z	223
user1	kjhlkjhoij oij oij oij oij 	247	2019-07-28T21:23:08.957Z	223
user1	kjhlkjhoij oij oij oij oij 	248	2019-07-28T21:23:09.158Z	223
user1	kjhlkjhoij oij oij oij oij 	249	2019-07-28T21:23:09.350Z	223
user1	kjhlkjhoij oij oij oij oij 	250	2019-07-28T21:23:09.506Z	223
user1	kjhlkjhoij oij oij oij oij 	251	2019-07-28T21:23:09.684Z	223
user1	asd fasdf sadf asdf asd sadf 	252	2019-07-28T22:11:13.894Z	247
user1	ksksks my new post	253	2019-07-29T00:14:10.462Z	\N
user1	my last post	254	2019-07-29T00:14:27.565Z	\N
user1	asdfasdf	255	2019-07-29T00:15:38.233Z	252
user1	xafasdfsad f	256	2019-07-29T00:21:53.204Z	249
\.


--
-- Data for Name: shares; Type: TABLE DATA; Schema: public; Owner: twitterdb
--

COPY public.shares (username, post_id, "timestamp") FROM stdin;
user2	193	2019-07-07T17:56:19.357Z
user2	194	2019-07-07T18:08:14.317Z
user1	194	2019-07-07T18:09:27.451Z
user2	193	2019-07-07T18:23:39.142Z
user1	194	2019-07-09T01:15:55.426Z
user3	193	2019-07-09T20:05:13.171Z
user1	214	2019-07-09T23:10:58.496Z
user1	214	2019-07-09T23:11:02.224Z
user1	214	2019-07-09T23:11:03.197Z
user1	214	2019-07-09T23:11:03.581Z
user1	214	2019-07-09T23:11:03.756Z
user1	214	2019-07-09T23:11:03.923Z
user1	214	2019-07-09T23:11:04.101Z
user1	214	2019-07-09T23:11:04.725Z
user1	214	2019-07-09T23:11:04.893Z
user1	214	2019-07-09T23:11:05.057Z
user1	214	2019-07-09T23:11:05.212Z
user1	214	2019-07-09T23:11:05.389Z
user1	214	2019-07-09T23:11:05.566Z
user1	214	2019-07-09T23:11:05.724Z
undefined	193	2019-07-18T15:25:53.683Z
user1	225	2019-07-18T15:41:26.965Z
user1	193	2019-07-18T16:18:51.767Z
user1	193	2019-07-18T16:30:36.269Z
user2	194	2019-07-18T16:31:31.264Z
user1	193	2019-07-18T16:50:49.427Z
user1	193	2019-07-21T16:35:37.739Z
user1	193	2019-07-21T16:36:22.118Z
user1	200	2019-07-21T16:36:50.831Z
user1	194	2019-07-21T16:45:27.463Z
user1	194	2019-07-21T16:45:29.017Z
user1	199	2019-07-21T16:45:30.943Z
user1	193	2019-07-21T16:45:44.841Z
user1	193	2019-07-21T16:47:05.591Z
user1	193	2019-07-21T16:47:07.697Z
user1	194	2019-07-21T16:47:08.608Z
user1	193	2019-07-21T16:47:26.445Z
user1	193	2019-07-21T16:53:51.950Z
user1	194	2019-07-21T16:53:54.160Z
user1	199	2019-07-21T16:54:00.739Z
user1	199	2019-07-21T16:54:01.760Z
user1	199	2019-07-21T16:54:02.827Z
user1	199	2019-07-21T16:54:03.656Z
user1	199	2019-07-21T16:54:04.859Z
user1	202	2019-07-21T16:54:07.857Z
user1	203	2019-07-21T16:54:09.568Z
user1	209	2019-07-21T17:23:12.513Z
user1	193	2019-07-21T19:00:51.828Z
user1	194	2019-07-21T19:00:57.841Z
user1	194	2019-07-21T19:33:58.629Z
user1	194	2019-07-21T19:37:21.505Z
user1	194	2019-07-21T19:37:23.019Z
user1	194	2019-07-21T19:37:23.520Z
user1	194	2019-07-21T19:37:23.786Z
user1	193	2019-07-21T19:38:17.727Z
user1	193	2019-07-21T19:38:18.665Z
user1	193	2019-07-21T19:38:19.467Z
user1	193	2019-07-21T19:40:25.523Z
user1	193	2019-07-23T21:25:57.494Z
user1	199	2019-07-24T01:13:47.045Z
user1	201	2019-07-24T01:13:49.836Z
user1	240	2019-07-25T15:17:33.310Z
user1	243	2019-07-28T22:10:33.336Z
user1	243	2019-07-28T22:10:35.130Z
user1	243	2019-07-28T22:10:35.935Z
user1	243	2019-07-28T22:10:37.663Z
user1	243	2019-07-28T22:10:37.841Z
user1	243	2019-07-28T22:10:38.534Z
user1	243	2019-07-28T22:10:39.127Z
user1	243	2019-07-28T22:10:39.685Z
user1	243	2019-07-28T22:10:41.192Z
user1	243	2019-07-28T22:10:42.350Z
user1	243	2019-07-28T22:10:44.462Z
user1	243	2019-07-28T22:10:46.157Z
user1	194	2019-07-28T22:58:35.080Z
user1	252	2019-07-28T23:22:08.533Z
user1	252	2019-07-28T23:22:11.463Z
user1	252	2019-07-28T23:22:19.074Z
user1	252	2019-07-28T23:25:07.762Z
user1	252	2019-07-28T23:25:09.397Z
user1	252	2019-07-28T23:25:10.793Z
user1	252	2019-07-28T23:25:11.601Z
user1	252	2019-07-28T23:26:12.373Z
user1	252	2019-07-28T23:26:14.624Z
user1	252	2019-07-28T23:26:15.976Z
user1	252	2019-07-28T23:26:17.718Z
user1	252	2019-07-28T23:26:18.624Z
user1	252	2019-07-28T23:27:29.819Z
user1	252	2019-07-28T23:27:29.827Z
user1	252	2019-07-28T23:27:32.257Z
user1	252	2019-07-28T23:27:32.869Z
user1	252	2019-07-28T23:27:33.412Z
user1	252	2019-07-28T23:28:14.939Z
user1	251	2019-07-28T23:28:18.885Z
user1	251	2019-07-28T23:28:20.756Z
user1	252	2019-07-28T23:28:22.690Z
user1	252	2019-07-28T23:30:04.825Z
user1	252	2019-07-28T23:30:17.698Z
user1	252	2019-07-28T23:30:19.105Z
user1	252	2019-07-28T23:30:20.274Z
user1	252	2019-07-28T23:31:36.204Z
user1	252	2019-07-28T23:31:58.024Z
user1	252	2019-07-28T23:36:47.249Z
user1	252	2019-07-28T23:37:49.403Z
user1	252	2019-07-28T23:38:24.238Z
user1	252	2019-07-28T23:38:26.907Z
user1	252	2019-07-28T23:38:28.920Z
user1	252	2019-07-28T23:38:31.229Z
user1	252	2019-07-28T23:38:32.725Z
user1	252	2019-07-28T23:38:40.004Z
user1	252	2019-07-28T23:39:11.517Z
user1	252	2019-07-28T23:39:56.291Z
user1	239	2019-07-28T23:40:09.883Z
user1	239	2019-07-28T23:40:15.574Z
user1	252	2019-07-28T23:42:27.513Z
user1	252	2019-07-28T23:43:43.847Z
user1	252	2019-07-28T23:43:46.329Z
user1	251	2019-07-28T23:43:48.617Z
user1	251	2019-07-28T23:43:50.634Z
user1	251	2019-07-28T23:44:16.907Z
user1	251	2019-07-28T23:44:19.297Z
user1	251	2019-07-28T23:44:49.457Z
user1	251	2019-07-28T23:44:58.200Z
user1	252	2019-07-28T23:45:01.335Z
user1	252	2019-07-28T23:45:03.022Z
user1	251	2019-07-28T23:45:17.574Z
user1	251	2019-07-28T23:45:19.871Z
user1	252	2019-07-28T23:45:29.891Z
user1	252	2019-07-28T23:46:20.078Z
user1	252	2019-07-28T23:46:38.363Z
user1	252	2019-07-28T23:47:50.208Z
user1	252	2019-07-28T23:49:03.589Z
user1	252	2019-07-28T23:55:05.941Z
user1	252	2019-07-28T23:58:23.157Z
user1	252	2019-07-29T00:00:20.418Z
user1	252	2019-07-29T00:01:07.145Z
user1	252	2019-07-29T00:01:09.337Z
user1	252	2019-07-29T00:01:11.058Z
user1	252	2019-07-29T00:01:13.338Z
user1	252	2019-07-29T00:01:15.509Z
user1	252	2019-07-29T00:01:23.708Z
user1	252	2019-07-29T00:01:26.228Z
user1	252	2019-07-29T00:01:27.890Z
user1	252	2019-07-29T00:01:29.408Z
user1	252	2019-07-29T00:01:30.998Z
user1	252	2019-07-29T00:01:43.447Z
user1	251	2019-07-29T00:01:45.487Z
user1	251	2019-07-29T00:01:48.168Z
user1	251	2019-07-29T00:01:50.976Z
user1	251	2019-07-29T00:01:52.668Z
user1	251	2019-07-29T00:01:58.432Z
user1	251	2019-07-29T00:02:00.120Z
user1	251	2019-07-29T00:02:04.979Z
user1	251	2019-07-29T00:02:08.462Z
user1	251	2019-07-29T00:02:11.789Z
user1	251	2019-07-29T00:02:55.089Z
user1	251	2019-07-29T00:02:57.949Z
user1	251	2019-07-29T00:03:00.143Z
user1	251	2019-07-29T00:03:02.157Z
user1	251	2019-07-29T00:03:03.973Z
user1	251	2019-07-29T00:03:05.607Z
user1	251	2019-07-29T00:03:07.455Z
user1	248	2019-07-29T00:03:34.749Z
user1	247	2019-07-29T00:03:37.424Z
user1	246	2019-07-29T00:03:39.476Z
user1	245	2019-07-29T00:03:42.646Z
user1	245	2019-07-29T00:03:44.255Z
user1	245	2019-07-29T00:03:46.134Z
user1	245	2019-07-29T00:03:48.238Z
user1	245	2019-07-29T00:03:49.949Z
user1	245	2019-07-29T00:03:51.643Z
user1	245	2019-07-29T00:03:53.710Z
user1	245	2019-07-29T00:03:55.973Z
user1	245	2019-07-29T00:03:58.669Z
user1	248	2019-07-29T00:04:37.746Z
user1	248	2019-07-29T00:04:41.048Z
user1	246	2019-07-29T00:04:43.450Z
user1	244	2019-07-29T00:04:45.282Z
user1	242	2019-07-29T00:04:48.233Z
user1	241	2019-07-29T00:04:50.583Z
user1	240	2019-07-29T00:04:53.080Z
user1	239	2019-07-29T00:04:54.680Z
user1	239	2019-07-29T00:04:56.499Z
user1	239	2019-07-29T00:04:58.022Z
user1	239	2019-07-29T00:04:59.744Z
user1	239	2019-07-29T00:05:01.336Z
user1	239	2019-07-29T00:05:02.880Z
user1	239	2019-07-29T00:05:14.326Z
user1	239	2019-07-29T00:05:41.066Z
user1	239	2019-07-29T00:05:42.823Z
user1	239	2019-07-29T00:05:44.551Z
user1	239	2019-07-29T00:05:46.272Z
user1	239	2019-07-29T00:05:56.576Z
user1	239	2019-07-29T00:05:58.207Z
user1	239	2019-07-29T00:05:59.910Z
user1	237	2019-07-29T00:06:12.869Z
user1	237	2019-07-29T00:06:14.926Z
user1	237	2019-07-29T00:06:16.495Z
user1	237	2019-07-29T00:06:18.059Z
user1	236	2019-07-29T00:06:31.296Z
user1	235	2019-07-29T00:06:39.920Z
user1	235	2019-07-29T00:06:41.767Z
user1	236	2019-07-29T00:06:43.810Z
user1	236	2019-07-29T00:06:45.669Z
user1	236	2019-07-29T00:06:47.244Z
user1	236	2019-07-29T00:06:48.774Z
user1	236	2019-07-29T00:06:50.373Z
user1	236	2019-07-29T00:06:52.391Z
user1	236	2019-07-29T00:06:54.205Z
user1	236	2019-07-29T00:06:55.700Z
user1	236	2019-07-29T00:06:57.783Z
user1	236	2019-07-29T00:07:39.757Z
user1	235	2019-07-29T00:07:42.125Z
user1	235	2019-07-29T00:07:43.715Z
user1	235	2019-07-29T00:07:56.190Z
user1	235	2019-07-29T00:07:57.809Z
user1	235	2019-07-29T00:07:59.184Z
user1	235	2019-07-29T00:08:07.218Z
user1	235	2019-07-29T00:08:09.138Z
user1	235	2019-07-29T00:08:18.241Z
user1	235	2019-07-29T00:08:27.019Z
user1	235	2019-07-29T00:08:28.552Z
user1	235	2019-07-29T00:08:31.538Z
user1	235	2019-07-29T00:08:40.604Z
user1	235	2019-07-29T00:08:42.201Z
user1	235	2019-07-29T00:08:43.718Z
user1	235	2019-07-29T00:08:45.511Z
user1	235	2019-07-29T00:08:47.168Z
user1	233	2019-07-29T00:08:57.417Z
user1	230	2019-07-29T00:08:59.721Z
user1	233	2019-07-29T00:09:01.473Z
user1	233	2019-07-29T00:09:03.057Z
user1	233	2019-07-29T00:09:04.544Z
user1	233	2019-07-29T00:09:06.178Z
user1	233	2019-07-29T00:09:26.731Z
user1	233	2019-07-29T00:09:28.533Z
user1	233	2019-07-29T00:09:30.456Z
user1	229	2019-07-29T00:09:32.362Z
user1	226	2019-07-29T00:09:34.082Z
user1	224	2019-07-29T00:09:36.083Z
user1	252	2019-07-29T00:11:05.476Z
user1	252	2019-07-29T00:11:07.054Z
user1	252	2019-07-29T00:11:08.573Z
user1	250	2019-07-29T00:11:10.877Z
user1	250	2019-07-29T00:11:12.413Z
user1	250	2019-07-29T00:11:13.609Z
user1	250	2019-07-29T00:11:15.092Z
user1	250	2019-07-29T00:11:16.641Z
user1	247	2019-07-29T00:11:24.783Z
user1	247	2019-07-29T00:11:26.297Z
user1	246	2019-07-29T00:11:33.607Z
user1	246	2019-07-29T00:11:35.278Z
user1	245	2019-07-29T00:11:36.981Z
user1	245	2019-07-29T00:11:38.552Z
user1	245	2019-07-29T00:11:40.076Z
user1	245	2019-07-29T00:11:41.571Z
user1	245	2019-07-29T00:11:42.900Z
user1	245	2019-07-29T00:11:44.396Z
user1	250	2019-07-29T00:11:47.278Z
user1	252	2019-07-29T00:11:49.764Z
user1	252	2019-07-29T00:11:52.637Z
user1	252	2019-07-29T00:11:57.302Z
user1	252	2019-07-29T00:11:58.834Z
user1	252	2019-07-29T00:12:01.587Z
user1	252	2019-07-29T00:12:03.353Z
user1	252	2019-07-29T00:15:34.474Z
user1	253	2019-07-29T00:18:35.726Z
user1	249	2019-07-29T00:21:48.797Z
\.


--
-- Data for Name: users; Type: TABLE DATA; Schema: public; Owner: twitterdb
--

COPY public.users (username, password) FROM stdin;
user1	user1pass
user2	user2pass
user3	user3pass
\.


--
-- Name: comments_id_seq; Type: SEQUENCE SET; Schema: public; Owner: twitterdb
--

SELECT pg_catalog.setval('public.comments_id_seq', 131, true);


--
-- Name: posts_id_seq; Type: SEQUENCE SET; Schema: public; Owner: twitterdb
--

SELECT pg_catalog.setval('public.posts_id_seq', 256, true);


--
-- Name: comments comments_pkey; Type: CONSTRAINT; Schema: public; Owner: twitterdb
--

ALTER TABLE ONLY public.comments
    ADD CONSTRAINT comments_pkey PRIMARY KEY (id);


--
-- Name: posts posts_pkey; Type: CONSTRAINT; Schema: public; Owner: twitterdb
--

ALTER TABLE ONLY public.posts
    ADD CONSTRAINT posts_pkey PRIMARY KEY (id);


--
-- Name: users users_pkey; Type: CONSTRAINT; Schema: public; Owner: twitterdb
--

ALTER TABLE ONLY public.users
    ADD CONSTRAINT users_pkey PRIMARY KEY (username);


--
-- PostgreSQL database dump complete
--

